frame_index,timestamp
0,1761053634.6816902
1,1761053634.7481132
2,1761053634.7874532
3,1761053634.826946
4,1761053634.8571043
5,1761053634.8998315
6,1761053634.9465346
7,1761053634.9953253
8,1761053635.043493
9,1761053635.1072955
10,1761053635.165869
11,1761053635.2267716
12,1761053635.3186848
13,1761053635.3601835
14,1761053635.4094315
15,1761053635.4854972
16,1761053635.6357503
17,1761053635.6909356
18,1761053635.766871
19,1761053635.8476262
20,1761053635.9166157
21,1761053635.975338
22,1761053636.0343187
23,1761053636.0900216
24,1761053636.148963
25,1761053636.1789005
26,1761053636.232998
27,1761053636.2719886
28,1761053636.3249154
29,1761053636.3668132
30,1761053636.402285
31,1761053636.4339097
32,1761053636.46972
33,1761053636.515149
34,1761053636.5476198
35,1761053636.5825672
36,1761053636.6179445
37,1761053636.6874733
38,1761053636.779691
39,1761053636.8250468
40,1761053636.8717074
41,1761053636.9489787
42,1761053637.0176504
43,1761053637.083107
44,1761053637.1255214
45,1761053637.1699762
46,1761053637.213114
47,1761053637.2545466
48,1761053637.2922297
49,1761053637.3202639
50,1761053637.3520565
51,1761053637.3913064
52,1761053637.4299383
53,1761053637.4807663
54,1761053637.5333683
55,1761053637.5927327
56,1761053637.6237924
57,1761053637.6776438
58,1761053637.7333379
59,1761053637.7840433
60,1761053637.8416464
61,1761053637.89035
62,1761053637.940536
63,1761053637.986922
64,1761053638.0314722
65,1761053638.074133
66,1761053638.1141255
67,1761053638.1665256
68,1761053638.2255592
69,1761053638.2970748
70,1761053638.3474896
71,1761053638.3902144
72,1761053638.4285128
73,1761053638.4758615
74,1761053638.5195653
75,1761053638.5575948
76,1761053638.5995834
77,1761053638.638118
78,1761053638.6767378
79,1761053638.7204857
80,1761053638.7733188
81,1761053638.8198519
82,1761053638.8718612
83,1761053638.9207103
84,1761053638.9828641
85,1761053639.0230799
86,1761053639.0886607
87,1761053639.1332345
88,1761053639.174445
89,1761053639.2352953
90,1761053639.2840245
91,1761053639.3412266
92,1761053639.3917718
93,1761053639.4435987
94,1761053639.4973888
95,1761053639.5434487
96,1761053639.6094277
97,1761053639.6580563
98,1761053639.7074168
99,1761053639.7483509
100,1761053639.7835455
101,1761053639.835439
102,1761053639.884325
103,1761053639.9455671
104,1761053639.9987745
105,1761053640.05082
106,1761053640.0879962
107,1761053640.1302726
108,1761053640.1804557
109,1761053640.2199428
110,1761053640.2640626
111,1761053640.3176188
112,1761053640.362128
113,1761053640.4026215
114,1761053640.4443588
115,1761053640.483988
116,1761053640.5240579
117,1761053640.5616891
118,1761053640.591895
119,1761053640.627872
120,1761053640.6636636
121,1761053640.7038443
122,1761053640.7446582
123,1761053640.7825396
124,1761053640.815671
125,1761053640.853119
126,1761053640.8843822
127,1761053640.9170427
128,1761053640.9579754
129,1761053640.9905033
130,1761053641.0254781
131,1761053641.0742419
132,1761053641.1082165
133,1761053641.1446815
134,1761053641.1819556
135,1761053641.2194986
136,1761053641.262676
137,1761053641.3073785
138,1761053641.3502717
139,1761053641.3974977
140,1761053641.4337604
141,1761053641.4788296
142,1761053641.5184934
143,1761053641.564043
144,1761053641.6425157
145,1761053641.6762843
146,1761053641.7299478
147,1761053641.768812
148,1761053641.8222985
149,1761053641.8688455
150,1761053641.9120398
151,1761053641.9592702
152,1761053642.001287
153,1761053642.0511837
154,1761053642.0905738
155,1761053642.133779
156,1761053642.186399
157,1761053642.216814
158,1761053642.2620585
159,1761053642.3138752
160,1761053642.3464081
161,1761053642.3930728
162,1761053642.4399326
163,1761053642.4850059
164,1761053642.5304956
165,1761053642.582264
166,1761053642.6283915
167,1761053642.6699052
168,1761053642.7109418
169,1761053642.7569811
170,1761053642.800973
171,1761053642.8508654
172,1761053642.8876333
173,1761053642.9287758
174,1761053642.9865575
175,1761053643.0240011
176,1761053643.0655904
177,1761053643.1085384
178,1761053643.1482234
179,1761053643.1937666
180,1761053643.243694
181,1761053643.2841294
182,1761053643.3418486
183,1761053643.384505
184,1761053643.4198585
185,1761053643.4643784
186,1761053643.5153608
187,1761053643.55605
188,1761053643.5985568
189,1761053643.657993
190,1761053643.7010314
191,1761053643.7665493
192,1761053643.8225358
193,1761053643.861589
194,1761053643.9103546
195,1761053643.9563727
196,1761053644.003717
197,1761053644.0482996
198,1761053644.0914168
199,1761053644.1334047
200,1761053644.1780748
201,1761053644.2204177
202,1761053644.2643542
203,1761053644.3057342
204,1761053644.3470538
205,1761053644.3851182
206,1761053644.4380333
207,1761053644.4872603
208,1761053644.5337331
209,1761053644.5782769
210,1761053644.6210518
211,1761053644.6811593
212,1761053644.726878
213,1761053644.7704551
214,1761053644.804697
215,1761053644.8397162
216,1761053644.8789592
217,1761053644.9080968
218,1761053644.9571702
219,1761053644.9951525
220,1761053645.0360029
221,1761053645.082801
222,1761053645.1321836
223,1761053645.1753447
224,1761053645.220903
225,1761053645.2640352
226,1761053645.3057606
227,1761053645.3440242
228,1761053645.3893373
229,1761053645.4259555
230,1761053645.4724016
231,1761053645.512612
232,1761053645.559393
233,1761053645.6021743
234,1761053645.6534777
235,1761053645.693559
236,1761053645.738836
237,1761053645.788378
238,1761053645.82878
239,1761053645.8715353
240,1761053645.917398
241,1761053645.9510655
242,1761053645.9921613
243,1761053646.0333529
